quarantine_id,order_id,order_datetime,customer_id,product_id,quantity,unit_price,discount_pct,payment_method,sales_channel,updated_at,source_batch,reason_code,quarantined_at
1,O000083,2026-02-05 11:37:00,,P039,4,688.83,5,Cash,Online,2026-02-06 23:59:00,1,MISSING_CUSTOMER_ID,2026-08-18T17:03:01.040911
2,O000089,2026-03-04 08:25:00,C0030,P035,-2,997.99,10,Credit Card,Online,2026-03-05 23:59:00,1,INVALID_QUANTITY,2026-08-18T17:03:01.046870
3,O000097,31/02/2026 10:00,C0110,P040,5,1472.44,0,Bank Transfer,Online,2026-03-03 23:59:00,1,INVALID_DATETIME,2026-08-18T17:03:01.068776
4,O000101,2026-02-28 22:40:00,C0151,P029,3,450.41,120,Credit Card,Store,2026-03-01 23:59:00,1,INVALID_DISCOUNT_PCT,2026-08-18T17:03:01.071733
5,O000107,2026-03-03 15:13:00,C0130,P999,1,766,15,PromptPay,Store,2026-03-04 23:59:00,1,PRODUCT_NOT_FOUND,2026-08-18T17:03:01.075836
6,O000113,2026-01-03 03:35:00,C0039,P011,three,616.6,0,PromptPay,Marketplace,2026-01-04 23:59:00,1,INVALID_QUANTITY,2026-08-18T17:03:01.082682
7,O000127,2026-02-14 13:29:00,C0009,P038,1,THB 979.4,0,Credit Card,Marketplace,2026-02-15 23:59:00,1,INVALID_UNIT_PRICE,2026-08-18T17:03:01.093793
8,O000131,not-a-date,C0152,P037,1,185.91,5,Bank Transfer,Marketplace,2026-02-17 23:59:00,1,INVALID_DATETIME,2026-08-18T17:03:01.097163
9,O000139,2026-02-03 21:12:00,C0072,P039,4,,5,Cash,Online,2026-02-04 23:59:00,1,INVALID_UNIT_PRICE,2026-08-18T17:03:01.104686
10,O000149,2026-01-08 12:33:00,C9999,P039,4,688.83,10,PromptPay,Marketplace,2026-01-09 23:59:00,1,CUSTOMER_NOT_FOUND,2026-08-18T17:03:01.113092
11,O000166,2026-01-18 04:01:00,,P027,4,817.79,10,PromptPay,Online,2026-01-19 23:59:00,1,MISSING_CUSTOMER_ID,2026-08-18T17:03:01.122866
12,O000178,2026-02-16 01:47:00,C0061,P026,-2,1185.43,0,PromptPay,Marketplace,2026-02-17 23:59:00,1,INVALID_QUANTITY,2026-08-18T17:03:01.130840
13,O000194,31/02/2026 10:00,C0075,P003,3,344.85,10,Cash,Online,2026-03-20 23:59:00,1,INVALID_DATETIME,2026-08-18T17:03:01.141021
14,O000202,2026-01-15 10:38:00,C0161,P031,3,599.9,120,Credit Card,Online,2026-01-16 23:59:00,1,INVALID_DISCOUNT_PCT,2026-08-18T17:03:01.145086
15,O000214,2026-01-04 07:12:00,C0043,P999,6,1451.77,0,PromptPay,Store,2026-01-05 23:59:00,1,PRODUCT_NOT_FOUND,2026-08-18T17:03:01.153368
16,O000226,2026-03-21 10:12:00,C0153,P017,three,1281.37,0,Bank Transfer,Online,2026-03-22 23:59:00,1,INVALID_QUANTITY,2026-08-18T17:03:01.158923
17,O000249,2026-02-07 21:50:00,,P025,5,833.67,15,Credit Card,Online,2026-02-08 23:59:00,1,MISSING_CUSTOMER_ID,2026-08-18T17:03:01.175484
18,O000254,2026-01-04 03:25:00,C0002,P043,6,THB 1295.01,15,PromptPay,Online,2026-01-05 23:59:00,1,INVALID_UNIT_PRICE,2026-08-18T17:03:01.178641
19,O000262,not-a-date,C0097,P044,5,766,0,Credit Card,Store,2026-02-03 23:59:00,1,INVALID_DATETIME,2026-08-18T17:03:01.185845
20,O000267,2026-01-02 16:42:00,C0095,P042,-2,733.19,0,PromptPay,Marketplace,2026-01-03 23:59:00,1,INVALID_QUANTITY,2026-08-18T17:03:01.189243
21,O000278,2026-02-01 02:14:00,C0022,P035,4,,0,PromptPay,Marketplace,2026-02-02 23:59:00,1,INVALID_UNIT_PRICE,2026-08-18T17:03:01.196853
22,O000291,31/02/2026 10:00,C0165,P041,2,1291.92,0,Cash,Online,2026-01-06 23:59:00,1,INVALID_DATETIME,2026-08-18T17:03:01.203569
23,O000298,2026-01-14 00:46:00,C9999,P037,2,185.91,10,Bank Transfer,Store,2026-01-15 23:59:00,1,CUSTOMER_NOT_FOUND,2026-08-18T17:03:01.207175
24,O000303,2026-03-02 22:11:00,C0137,P007,4,619.54,120,PromptPay,Online,2026-03-03 23:59:00,1,INVALID_DISCOUNT_PCT,2026-08-18T17:03:01.210620
25,O000321,2026-01-12 07:42:00,C0073,P999,5,624.66,10,Bank Transfer,Online,2026-01-13 23:59:00,1,PRODUCT_NOT_FOUND,2026-08-18T17:03:01.224763
26,O000332,2026-02-18 19:38:00,,P017,4,1281.37,0,Bank Transfer,Marketplace,2026-02-19 23:59:00,1,MISSING_CUSTOMER_ID,2026-08-18T17:03:01.233724
27,O000339,2026-03-15 12:23:00,C0146,P014,three,358.74,0,Credit Card,Online,2026-03-16 23:59:00,1,INVALID_QUANTITY,2026-08-18T17:03:01.237828
28,O000356,2026-01-19 11:29:00,C0146,P042,-2,733.19,0,Bank Transfer,Store,2026-01-20 23:59:00,1,INVALID_QUANTITY,2026-08-18T17:03:01.248988
29,O000381,2026-01-17 13:54:00,C0054,P005,1,THB 649.9,10,Credit Card,Marketplace,2026-01-18 23:59:00,1,INVALID_UNIT_PRICE,2026-08-18T17:03:01.263546
30,O000388,31/02/2026 10:00,C0086,P027,1,817.79,15,Bank Transfer,Marketplace,2026-01-25 23:59:00,1,INVALID_DATETIME,2026-08-18T17:03:01.266808
31,O000393,not-a-date,C0148,P037,5,185.91,10,Bank Transfer,Online,2026-02-25 23:59:00,1,INVALID_DATETIME,2026-08-18T17:03:01.268936
32,O000404,2026-01-30 04:14:00,C0163,P016,5,878.59,120,Credit Card,Store,2026-01-31 23:59:00,1,INVALID_DISCOUNT_PCT,2026-08-18T17:03:01.275897
33,O000415,2026-01-12 21:48:00,,P030,1,915.53,10,Credit Card,Marketplace,2026-01-13 23:59:00,1,MISSING_CUSTOMER_ID,2026-08-18T17:03:01.283037
34,O000417,2026-02-09 22:58:00,C0021,P011,3,,0,Bank Transfer,Marketplace,2026-02-10 23:59:00,1,INVALID_UNIT_PRICE,2026-08-18T17:03:01.286158
35,O000083,2026-02-05 11:37:00,,P039,4,688.83,5,Cash,Online,2026-02-06 23:59:00,1,MISSING_CUSTOMER_ID,2026-08-18T17:03:01.487674
36,O000089,2026-03-04 08:25:00,C0030,P035,-2,997.99,10,Credit Card,Online,2026-03-05 23:59:00,1,INVALID_QUANTITY,2026-08-18T17:03:01.490977
37,O000097,31/02/2026 10:00,C0110,P040,5,1472.44,0,Bank Transfer,Online,2026-03-03 23:59:00,1,INVALID_DATETIME,2026-08-18T17:03:01.495403
38,O000101,2026-02-28 22:40:00,C0151,P029,3,450.41,120,Credit Card,Store,2026-03-01 23:59:00,1,INVALID_DISCOUNT_PCT,2026-08-18T17:03:01.497489
39,O000107,2026-03-03 15:13:00,C0130,P999,1,766,15,PromptPay,Store,2026-03-04 23:59:00,1,PRODUCT_NOT_FOUND,2026-08-18T17:03:01.501699
40,O000113,2026-01-03 03:35:00,C0039,P011,three,616.6,0,PromptPay,Marketplace,2026-01-04 23:59:00,1,INVALID_QUANTITY,2026-08-18T17:03:01.506417
41,O000127,2026-02-14 13:29:00,C0009,P038,1,THB 979.4,0,Credit Card,Marketplace,2026-02-15 23:59:00,1,INVALID_UNIT_PRICE,2026-08-18T17:03:01.515208
42,O000131,not-a-date,C0152,P037,1,185.91,5,Bank Transfer,Marketplace,2026-02-17 23:59:00,1,INVALID_DATETIME,2026-08-18T17:03:01.517179
43,O000139,2026-02-03 21:12:00,C0072,P039,4,,5,Cash,Online,2026-02-04 23:59:00,1,INVALID_UNIT_PRICE,2026-08-18T17:03:01.521488
44,O000149,2026-01-08 12:33:00,C9999,P039,4,688.83,10,PromptPay,Marketplace,2026-01-09 23:59:00,1,CUSTOMER_NOT_FOUND,2026-08-18T17:03:01.526201
45,O000166,2026-01-18 04:01:00,,P027,4,817.79,10,PromptPay,Online,2026-01-19 23:59:00,1,MISSING_CUSTOMER_ID,2026-08-18T17:03:01.536219
46,O000178,2026-02-16 01:47:00,C0061,P026,-2,1185.43,0,PromptPay,Marketplace,2026-02-17 23:59:00,1,INVALID_QUANTITY,2026-08-18T17:03:01.541842
47,O000194,31/02/2026 10:00,C0075,P003,3,344.85,10,Cash,Online,2026-03-20 23:59:00,1,INVALID_DATETIME,2026-08-18T17:03:01.550966
48,O000202,2026-01-15 10:38:00,C0161,P031,3,599.9,120,Credit Card,Online,2026-01-16 23:59:00,1,INVALID_DISCOUNT_PCT,2026-08-18T17:03:01.554819
49,O000214,2026-01-04 07:12:00,C0043,P999,6,1451.77,0,PromptPay,Store,2026-01-05 23:59:00,1,PRODUCT_NOT_FOUND,2026-08-18T17:03:01.561457
50,O000226,2026-03-21 10:12:00,C0153,P017,three,1281.37,0,Bank Transfer,Online,2026-03-22 23:59:00,1,INVALID_QUANTITY,2026-08-18T17:03:01.567772
51,O000249,2026-02-07 21:50:00,,P025,5,833.67,15,Credit Card,Online,2026-02-08 23:59:00,1,MISSING_CUSTOMER_ID,2026-08-18T17:03:01.581420
52,O000254,2026-01-04 03:25:00,C0002,P043,6,THB 1295.01,15,PromptPay,Online,2026-01-05 23:59:00,1,INVALID_UNIT_PRICE,2026-08-18T17:03:01.583840
53,O000262,not-a-date,C0097,P044,5,766,0,Credit Card,Store,2026-02-03 23:59:00,1,INVALID_DATETIME,2026-08-18T17:03:01.587366
54,O000267,2026-01-02 16:42:00,C0095,P042,-2,733.19,0,PromptPay,Marketplace,2026-01-03 23:59:00,1,INVALID_QUANTITY,2026-08-18T17:03:01.590336
55,O000278,2026-02-01 02:14:00,C0022,P035,4,,0,PromptPay,Marketplace,2026-02-02 23:59:00,1,INVALID_UNIT_PRICE,2026-08-18T17:03:01.596445
56,O000291,31/02/2026 10:00,C0165,P041,2,1291.92,0,Cash,Online,2026-01-06 23:59:00,1,INVALID_DATETIME,2026-08-18T17:03:01.602851
57,O000298,2026-01-14 00:46:00,C9999,P037,2,185.91,10,Bank Transfer,Store,2026-01-15 23:59:00,1,CUSTOMER_NOT_FOUND,2026-08-18T17:03:01.606362
58,O000303,2026-03-02 22:11:00,C0137,P007,4,619.54,120,PromptPay,Online,2026-03-03 23:59:00,1,INVALID_DISCOUNT_PCT,2026-08-18T17:03:01.608700
59,O000321,2026-01-12 07:42:00,C0073,P999,5,624.66,10,Bank Transfer,Online,2026-01-13 23:59:00,1,PRODUCT_NOT_FOUND,2026-08-18T17:03:01.633494
60,O000332,2026-02-18 19:38:00,,P017,4,1281.37,0,Bank Transfer,Marketplace,2026-02-19 23:59:00,1,MISSING_CUSTOMER_ID,2026-08-18T17:03:01.650341
61,O000339,2026-03-15 12:23:00,C0146,P014,three,358.74,0,Credit Card,Online,2026-03-16 23:59:00,1,INVALID_QUANTITY,2026-08-18T17:03:01.657082
62,O000356,2026-01-19 11:29:00,C0146,P042,-2,733.19,0,Bank Transfer,Store,2026-01-20 23:59:00,1,INVALID_QUANTITY,2026-08-18T17:03:01.671097
63,O000381,2026-01-17 13:54:00,C0054,P005,1,THB 649.9,10,Credit Card,Marketplace,2026-01-18 23:59:00,1,INVALID_UNIT_PRICE,2026-08-18T17:03:01.692098
64,O000388,31/02/2026 10:00,C0086,P027,1,817.79,15,Bank Transfer,Marketplace,2026-01-25 23:59:00,1,INVALID_DATETIME,2026-08-18T17:03:01.703791
65,O000393,not-a-date,C0148,P037,5,185.91,10,Bank Transfer,Online,2026-02-25 23:59:00,1,INVALID_DATETIME,2026-08-18T17:03:01.706407
66,O000404,2026-01-30 04:14:00,C0163,P016,5,878.59,120,Credit Card,Store,2026-01-31 23:59:00,1,INVALID_DISCOUNT_PCT,2026-08-18T17:03:01.720258
67,O000415,2026-01-12 21:48:00,,P030,1,915.53,10,Credit Card,Marketplace,2026-01-13 23:59:00,1,MISSING_CUSTOMER_ID,2026-08-18T17:03:01.739603
68,O000417,2026-02-09 22:58:00,C0021,P011,3,,0,Bank Transfer,Marketplace,2026-02-10 23:59:00,1,INVALID_UNIT_PRICE,2026-08-18T17:03:01.740608
69,O000428,2026-04-04 13:52:00,C0150,P999,4,450.41,15,PromptPay,Marketplace,2026-04-06 23:59:00,2,PRODUCT_NOT_FOUND,2026-08-18T17:03:01.892591
70,O000445,2026-03-24 01:46:00,C0015,P039,-2,688.83,0,PromptPay,Store,2026-03-26 23:59:00,2,INVALID_QUANTITY,2026-08-18T17:03:01.908947
71,O000447,2026-02-16 15:50:00,C9999,P001,4,29.67,5,PromptPay,Online,2026-02-18 23:59:00,2,CUSTOMER_NOT_FOUND,2026-08-18T17:03:01.910798
72,O000452,2026-04-05 15:06:00,C0126,P036,three,220.86,0,Credit Card,Store,2026-04-07 23:59:00,2,INVALID_QUANTITY,2026-08-18T17:03:01.915185
73,O000485,31/02/2026 10:00,C0077,P010,4,1366.97,5,Bank Transfer,Online,2026-05-05 23:59:00,2,INVALID_DATETIME,2026-08-18T17:03:01.936038
74,O000498,2026-04-30 23:16:00,,P035,3,997.99,0,Credit Card,Marketplace,2026-05-02 23:59:00,2,MISSING_CUSTOMER_ID,2026-08-18T17:03:01.943026
75,O000505,2026-03-25 23:29:00,C0154,P009,4,192.56,120,Cash,Marketplace,2026-03-27 23:59:00,2,INVALID_DISCOUNT_PCT,2026-08-18T17:03:01.947591
76,O000508,2026-04-30 07:07:00,C0036,P013,5,THB 848.73,15,Credit Card,Online,2026-05-02 23:59:00,2,INVALID_UNIT_PRICE,2026-08-18T17:03:01.949027
77,O000524,not-a-date,C0075,P009,3,192.56,0,Bank Transfer,Marketplace,2026-03-08 23:59:00,2,INVALID_DATETIME,2026-08-18T17:03:01.957180
78,O000534,2026-03-22 19:50:00,C0044,P004,-2,1451.77,0,Bank Transfer,Online,2026-03-24 23:59:00,2,INVALID_QUANTITY,2026-08-18T17:03:01.965528
79,O000535,2026-04-17 04:13:00,C0100,P999,5,649.9,15,Bank Transfer,Store,2026-04-19 23:59:00,2,PRODUCT_NOT_FOUND,2026-08-18T17:03:01.966028
80,O000556,2026-04-21 06:20:00,C0177,P001,6,,0,PromptPay,Store,2026-04-23 23:59:00,2,INVALID_UNIT_PRICE,2026-08-18T17:03:01.976918
81,O000565,2026-04-14 04:24:00,C0009,P033,three,654.4,5,Cash,Marketplace,2026-04-16 23:59:00,2,INVALID_QUANTITY,2026-08-18T17:03:01.981831
82,O000581,2026-04-23 12:25:00,,P010,3,1366.97,15,Credit Card,Online,2026-04-25 23:59:00,2,MISSING_CUSTOMER_ID,2026-08-18T17:03:01.990255
83,O000582,31/02/2026 10:00,C0140,P009,4,192.56,0,PromptPay,Online,2026-04-22 23:59:00,2,INVALID_DATETIME,2026-08-18T17:03:01.990597
84,O000596,2026-03-31 05:33:00,C9999,P036,5,220.86,0,Cash,Online,2026-04-02 23:59:00,2,CUSTOMER_NOT_FOUND,2026-08-18T17:03:01.998213
85,O000606,2026-03-22 11:21:00,C0125,P042,6,733.19,120,Credit Card,Store,2026-03-24 23:59:00,2,INVALID_DISCOUNT_PCT,2026-08-18T17:03:02.004214
86,O000623,2026-02-16 02:04:00,C0086,P041,-2,1291.92,15,Credit Card,Online,2026-02-18 23:59:00,2,INVALID_QUANTITY,2026-08-18T17:03:02.012941
87,O000635,2026-04-22 15:41:00,C0153,P010,1,THB 1366.97,0,Credit Card,Store,2026-04-24 23:59:00,2,INVALID_UNIT_PRICE,2026-08-18T17:03:02.021779
88,O000642,2026-02-17 10:10:00,C0018,P999,5,979.4,5,Credit Card,Online,2026-02-19 23:59:00,2,PRODUCT_NOT_FOUND,2026-08-18T17:03:02.026612
89,O000655,not-a-date,C0147,P037,3,185.91,0,Bank Transfer,Online,2026-04-24 23:59:00,2,INVALID_DATETIME,2026-08-18T17:03:02.039184
90,O000664,2026-04-11 00:34:00,,P004,3,1451.77,15,Bank Transfer,Store,2026-04-13 23:59:00,2,MISSING_CUSTOMER_ID,2026-08-18T17:03:02.044080
91,O000678,2026-02-16 02:58:00,C0137,P046,three,187.09,0,PromptPay,Store,2026-02-18 23:59:00,2,INVALID_QUANTITY,2026-08-18T17:03:02.058792
92,O000679,31/02/2026 10:00,C0075,P040,2,1472.44,0,PromptPay,Online,2026-04-04 23:59:00,2,INVALID_DATETIME,2026-08-18T17:03:02.059142
93,O000695,2026-04-06 11:55:00,C0119,P017,3,,15,Cash,Marketplace,2026-04-08 23:59:00,2,INVALID_UNIT_PRICE,2026-08-18T17:03:02.072306
94,O000707,2026-03-02 09:06:00,C0079,P044,2,766,120,Bank Transfer,Store,2026-03-04 23:59:00,2,INVALID_DISCOUNT_PCT,2026-08-18T17:03:02.081772
95,O000712,2026-02-15 22:17:00,C0026,P040,-2,1472.44,10,Bank Transfer,Store,2026-02-17 23:59:00,2,INVALID_QUANTITY,2026-08-18T17:03:02.086826
96,O000745,2026-02-22 01:04:00,C9999,P021,1,1114.51,0,PromptPay,Marketplace,2026-02-24 23:59:00,2,CUSTOMER_NOT_FOUND,2026-08-18T17:03:02.110920
97,O000747,2026-04-07 20:13:00,,P014,1,358.74,0,Credit Card,Store,2026-04-09 23:59:00,2,MISSING_CUSTOMER_ID,2026-08-18T17:03:02.113787
98,O000749,2026-04-18 13:19:00,C0180,P999,1,204.81,0,Cash,Online,2026-04-20 23:59:00,2,PRODUCT_NOT_FOUND,2026-08-18T17:03:02.115605
99,O000762,2026-03-02 10:01:00,C0154,P025,5,THB 833.67,0,PromptPay,Store,2026-03-04 23:59:00,2,INVALID_UNIT_PRICE,2026-08-18T17:03:02.133856
100,O000776,31/02/2026 10:00,C0120,P047,2,613.02,0,Cash,Online,2026-04-29 23:59:00,2,INVALID_DATETIME,2026-08-18T17:03:02.142762
101,O000786,not-a-date,C0044,P008,6,292.37,5,Cash,Marketplace,2026-04-09 23:59:00,2,INVALID_DATETIME,2026-08-18T17:03:02.150487
102,O000791,2026-04-11 13:31:00,C0058,P040,three,1472.44,0,Credit Card,Store,2026-04-13 23:59:00,2,INVALID_QUANTITY,2026-08-18T17:03:02.154517
103,O000801,2026-04-05 07:59:00,C0030,P044,-2,766,0,Credit Card,Marketplace,2026-04-07 23:59:00,2,INVALID_QUANTITY,2026-08-18T17:03:02.159373
104,O000808,2026-02-20 13:39:00,C0168,P008,5,292.37,120,Cash,Store,2026-02-22 23:59:00,2,INVALID_DISCOUNT_PCT,2026-08-18T17:03:02.164296
105,O000830,2026-04-08 01:48:00,,P009,1,192.56,0,Bank Transfer,Online,2026-04-10 23:59:00,2,MISSING_CUSTOMER_ID,2026-08-18T17:03:02.183832
106,O000834,2026-04-30 17:12:00,C0058,P032,3,,10,Cash,Online,2026-05-02 23:59:00,2,INVALID_UNIT_PRICE,2026-08-18T17:03:02.187845
107,O000428,2026-04-04 13:52:00,C0150,P999,4,450.41,15,PromptPay,Marketplace,2026-04-06 23:59:00,2,PRODUCT_NOT_FOUND,2026-08-18T17:03:02.192089
108,O000445,2026-03-24 01:46:00,C0015,P039,-2,688.83,0,PromptPay,Store,2026-03-26 23:59:00,2,INVALID_QUANTITY,2026-08-18T17:03:02.192585
109,O000856,2026-05-15 06:36:00,C0089,P999,6,915.53,0,Bank Transfer,Marketplace,2026-05-18 23:59:00,3,PRODUCT_NOT_FOUND,2026-08-18T17:03:02.435343
110,O000873,31/02/2026 10:00,C0109,P001,6,29.67,5,PromptPay,Marketplace,2026-06-09 23:59:00,3,INVALID_DATETIME,2026-08-18T17:03:02.454683
111,O000889,2026-06-15 21:01:00,C0163,P020,6,THB 62.79,0,Credit Card,Store,2026-06-18 23:59:00,3,INVALID_UNIT_PRICE,2026-08-18T17:03:02.470697
112,O000890,2026-05-28 01:59:00,C0061,P015,-2,320.33,15,Bank Transfer,Store,2026-05-31 23:59:00,3,INVALID_QUANTITY,2026-08-18T17:03:02.471218
113,O000894,2026-04-28 09:49:00,C9999,P022,5,840.27,10,Bank Transfer,Online,2026-05-01 23:59:00,3,CUSTOMER_NOT_FOUND,2026-08-18T17:03:02.474476
114,O000904,2026-06-16 06:47:00,C0152,P033,three,654.4,0,Bank Transfer,Marketplace,2026-06-19 23:59:00,3,INVALID_QUANTITY,2026-08-18T17:03:02.484536
115,O000909,2026-06-10 21:37:00,C0058,P009,1,192.56,120,PromptPay,Marketplace,2026-06-13 23:59:00,3,INVALID_DISCOUNT_PCT,2026-08-18T17:03:02.487438
116,O000913,2026-05-26 00:19:00,,P023,5,784.71,5,Bank Transfer,Marketplace,2026-05-29 23:59:00,3,MISSING_CUSTOMER_ID,2026-08-18T17:03:02.491508
117,O000917,not-a-date,C0032,P022,3,840.27,0,Credit Card,Store,2026-05-10 23:59:00,3,INVALID_DATETIME,2026-08-18T17:03:02.493832
118,O000963,2026-05-20 19:21:00,C0069,P999,1,549.89,0,Cash,Online,2026-05-23 23:59:00,3,PRODUCT_NOT_FOUND,2026-08-18T17:03:02.535950
119,O000970,31/02/2026 10:00,C0040,P040,2,1472.44,0,Cash,Online,2026-06-20 23:59:00,3,INVALID_DATETIME,2026-08-18T17:03:02.540043
120,O000973,2026-06-16 00:22:00,C0055,P043,2,,10,Bank Transfer,Marketplace,2026-06-19 23:59:00,3,INVALID_UNIT_PRICE,2026-08-18T17:03:02.541519
121,O000979,2026-04-16 01:32:00,C0049,P047,-2,613.02,0,Cash,Store,2026-04-19 23:59:00,3,INVALID_QUANTITY,2026-08-18T17:03:02.546688
122,O000996,2026-05-04 19:07:00,,P035,4,997.99,0,Cash,Online,2026-05-07 23:59:00,3,MISSING_CUSTOMER_ID,2026-08-18T17:03:02.560247
123,O001010,2026-04-17 03:46:00,C0102,P020,2,62.79,120,PromptPay,Marketplace,2026-04-20 23:59:00,3,INVALID_DISCOUNT_PCT,2026-08-18T17:03:02.572994
124,O001016,2026-06-05 03:57:00,C0105,P017,5,THB 1281.37,10,Bank Transfer,Store,2026-06-08 23:59:00,3,INVALID_UNIT_PRICE,2026-08-18T17:03:02.576473
125,O001017,2026-05-31 23:42:00,C0010,P009,three,192.56,0,Bank Transfer,Marketplace,2026-06-03 23:59:00,3,INVALID_QUANTITY,2026-08-18T17:03:02.577255
126,O001043,2026-04-07 15:03:00,C9999,P029,5,450.41,0,Bank Transfer,Store,2026-04-10 23:59:00,3,CUSTOMER_NOT_FOUND,2026-08-18T17:03:02.605951
127,O001048,not-a-date,C0023,P037,2,185.91,0,Cash,Store,2026-06-18 23:59:00,3,INVALID_DATETIME,2026-08-18T17:03:02.609784
128,O001067,31/02/2026 10:00,C0080,P042,6,733.19,15,Credit Card,Marketplace,2026-04-28 23:59:00,3,INVALID_DATETIME,2026-08-18T17:03:02.623322
129,O001068,2026-04-20 01:42:00,C0145,P042,-2,733.19,15,Bank Transfer,Online,2026-04-23 23:59:00,3,INVALID_QUANTITY,2026-08-18T17:03:02.624449
130,O001070,2026-05-13 06:50:00,C0023,P999,2,840.27,15,Cash,Store,2026-05-16 23:59:00,3,PRODUCT_NOT_FOUND,2026-08-18T17:03:02.626534
131,O001079,2026-06-12 04:11:00,,P044,2,766,0,Bank Transfer,Marketplace,2026-06-15 23:59:00,3,MISSING_CUSTOMER_ID,2026-08-18T17:03:02.645860
132,O001111,2026-04-08 03:19:00,C0137,P040,3,1472.44,120,PromptPay,Online,2026-04-11 23:59:00,3,INVALID_DISCOUNT_PCT,2026-08-18T17:03:02.676215
133,O001112,2026-06-10 12:16:00,C0096,P030,3,,0,Bank Transfer,Marketplace,2026-06-13 23:59:00,3,INVALID_UNIT_PRICE,2026-08-18T17:03:02.676909
134,O001130,2026-05-02 06:41:00,C0089,P001,three,29.67,0,Credit Card,Store,2026-05-05 23:59:00,3,INVALID_QUANTITY,2026-08-18T17:03:02.691976
135,O001143,2026-05-02 04:03:00,C0103,P038,6,THB 979.4,0,Bank Transfer,Marketplace,2026-05-05 23:59:00,3,INVALID_UNIT_PRICE,2026-08-18T17:03:02.705292
136,O001157,2026-06-17 10:55:00,C0133,P041,-2,1291.92,5,Credit Card,Store,2026-06-20 23:59:00,3,INVALID_QUANTITY,2026-08-18T17:03:02.719652
137,O001162,2026-06-07 09:16:00,,P027,6,817.79,15,Cash,Store,2026-06-10 23:59:00,3,MISSING_CUSTOMER_ID,2026-08-18T17:03:02.723536
138,O001164,31/02/2026 10:00,C0107,P008,4,292.37,15,Bank Transfer,Store,2026-05-09 23:59:00,3,INVALID_DATETIME,2026-08-18T17:03:02.724580
139,O001177,2026-04-04 04:07:00,C0129,P999,1,358.74,0,PromptPay,Marketplace,2026-04-07 23:59:00,3,PRODUCT_NOT_FOUND,2026-08-18T17:03:02.738394
140,O001179,not-a-date,C0171,P031,1,599.9,15,Credit Card,Store,2026-05-07 23:59:00,3,INVALID_DATETIME,2026-08-18T17:03:02.739475
141,O001192,2026-05-02 18:39:00,C9999,P045,2,1459.08,10,PromptPay,Store,2026-05-05 23:59:00,3,CUSTOMER_NOT_FOUND,2026-08-18T17:03:02.754244
142,O001212,2026-05-20 16:45:00,C0154,P004,5,1451.77,120,Bank Transfer,Marketplace,2026-05-23 23:59:00,3,INVALID_DISCOUNT_PCT,2026-08-18T17:03:02.770146
143,O001243,2026-04-02 11:45:00,C0078,P015,three,320.33,0,Credit Card,Store,2026-04-05 23:59:00,3,INVALID_QUANTITY,2026-08-18T17:03:02.805011
144,O001245,2026-04-17 23:42:00,,P023,3,784.71,10,Bank Transfer,Online,2026-04-20 23:59:00,3,MISSING_CUSTOMER_ID,2026-08-18T17:03:02.807716
145,O001246,2026-05-07 12:27:00,C0014,P024,-2,241.87,0,Bank Transfer,Store,2026-05-10 23:59:00,3,INVALID_QUANTITY,2026-08-18T17:03:02.809096
146,O001251,2026-05-28 02:21:00,C0059,P025,1,,0,Bank Transfer,Store,2026-05-31 23:59:00,3,INVALID_UNIT_PRICE,2026-08-18T17:03:02.819119
